timestamp,restarts,cpu,memory,net_tx,net_rx,label
2025-05-31T13:29:15.909462,21,2.718601806363731,1475077809.1168869,56543.37937536023,75897.25666235476,normal
2025-05-31T13:29:25.983756,21,2.9231148823439734,1072475539.3421655,73571.78643200561,82516.24516745756,normal
2025-05-31T13:31:22.742969,21,3.060249991421285,1192731035.0606072,77178.76551452017,66844.05210311522,normal
2025-05-31T13:31:32.807852,21,3.121568777174442,1291048702.239352,92443.20407515246,72657.87905247112,normal
2025-05-31T13:31:42.868335,21,2.739631229378058,1248581838.9240386,129747.17816681339,77503.5137987807,normal
2025-05-31T13:31:52.922636,21,4.0843554643957765,1247624837.0158298,400901.1771067413,244331.07214131567,normal
2025-05-31T13:32:02.974608,21,4.157486642374304,1179246688.8740945,501587.0218259476,302348.4592513126,normal
2025-05-31T13:32:13.042391,21,3.1741911587925453,865269664.2227545,440541.08138141414,235284.25140796648,normal
2025-05-31T13:32:23.099277,21,3.589035210312025,1035266330.3969182,710295.6580339682,393515.85516760935,normal
2025-05-31T13:32:33.170196,21,3.6473316553667257,1269662135.0895283,731121.2677850467,413261.59831212374,normal
2025-05-31T13:32:43.239878,21,2.9857910179408376,1037120450.0914701,574453.7351326044,293107.1948660949,normal
2025-05-31T13:32:53.312843,21,3.4249569227010808,1856458822.0094712,641171.621326668,356718.6136905985,normal
2025-05-31T13:33:03.380611,21,3.598048585203184,1998366083.7403162,736326.7312811074,410475.1998021558,normal
2025-05-31T13:33:13.444996,21,3.1236078904196583,1615801516.701241,686384.7137464812,403558.51463625766,normal
2025-05-31T13:33:23.499690,21,3.4667235631035385,1425747314.3576343,702390.8172501547,410930.5379007027,normal
2025-05-31T13:33:33.560540,21,3.6901893594982584,1368185773.767238,747695.0880429564,430279.17061828915,normal
2025-05-31T13:33:43.623630,21,2.884047348193837,1226992929.978396,522911.6322735337,311112.3681865111,normal
2025-05-31T13:33:53.679951,21,3.71345904747824,1424919328.019127,714682.143772196,404125.3508158995,normal
2025-05-31T13:34:03.732075,21,3.7407432207677123,1560523911.6960611,716214.835555702,405814.39270766603,normal
2025-05-31T13:34:13.791376,21,3.014682865078445,1314235211.2175026,584926.6263506766,291569.35239461414,normal
2025-05-31T13:34:23.843580,21,3.271501269412127,1693763521.852822,641691.9257004127,356419.8846105604,normal
2025-05-31T13:34:33.924711,21,3.4193850245353823,2024405745.1783426,733481.371399541,412491.3420627793,normal
2025-05-31T13:34:44.003899,21,3.111635526863048,1859578555.7830546,699424.8385804987,408882.42785495694,normal
2025-05-31T13:34:54.061675,21,3.441210734191154,1939704020.8653698,691773.7178030376,406411.8387211319,normal
2025-05-31T13:35:04.132638,21,3.447263573758933,1807616665.2827919,717089.322644992,391581.04765802715,normal
2025-05-31T13:35:14.191221,21,2.5870828074640335,1373164011.211673,514017.71689339355,308034.7573622129,normal
2025-05-31T13:35:24.268191,21,3.4510965415121513,1166767999.2024298,745300.2249701346,434286.09923949593,normal
2025-05-31T13:35:34.325778,21,3.5117344146890392,1283813884.528349,744641.7348416358,432846.1619663872,normal
2025-05-31T13:35:44.377629,21,2.9087089187572306,1107284975.1118772,579519.730656324,291079.7120541588,normal
2025-05-31T13:35:54.456037,21,3.53255807906049,947752887.644007,665438.3343924176,378730.4111268705,normal
2025-05-31T13:36:04.522133,21,4.284430134259518,1008044452.3444095,761591.1051339874,432366.31523928774,normal
2025-05-31T13:36:14.614446,21,3.7409596018643994,1231657339.7470968,586588.1043243599,310205.0843960849,normal
2025-05-31T13:36:24.698559,21,5.045753917888874,1731771793.0598943,718794.9912415979,424688.00653215294,anomaly
2025-05-31T13:36:34.768877,21,5.395830339791588,1938843587.4643614,733740.5388539224,410713.460024585,anomaly
2025-05-31T13:36:44.836322,21,4.048850129651072,1583898257.5851605,534560.2831922661,311393.99059766775,anomaly
2025-05-31T13:36:54.914159,21,8.13594649545041,1635776807.1819665,744750.7257240107,433644.00714570965,anomaly
2025-05-31T13:37:04.989407,21,13.936590094103472,1262435485.582828,697527.922795571,427604.3689976539,anomaly
2025-05-31T13:37:15.062588,21,14.514395942829058,1077851412.7729402,580002.0209392209,294083.68652507034,anomaly
2025-05-31T13:37:25.131894,21,16.9182034453388,988323137.5106089,689225.4727806157,384467.477578172,anomaly
2025-05-31T13:37:35.211555,21,18.43518373863937,1288222915.5094793,746593.5547354515,433549.23442466836,anomaly
2025-05-31T13:37:45.272905,21,18.610562774822323,1367476667.2884378,614487.4067619574,313746.21385216265,anomaly
2025-05-31T13:37:55.341789,21,18.033163578100634,1680338283.2541885,689989.5753300934,418616.1073984095,anomaly
2025-05-31T13:38:05.418041,21,18.81032182449918,1651365719.9677668,665592.8882532233,352216.1998735351,anomaly
2025-05-31T13:38:15.483566,21,18.22740416437758,1375803516.3975632,668531.6573821433,376369.77220182715,anomaly
2025-05-31T13:38:25.546435,21,16.275786059409267,1168691349.2607417,742514.8899681156,433007.4948497356,anomaly
2025-05-31T13:38:35.636781,21,18.2441725871632,1100953777.627259,686989.5115992257,419232.1748924907,anomaly
2025-05-31T13:38:45.702411,21,17.967369404003275,1347703325.8973384,489170.53394239995,287027.2568155775,anomaly
2025-05-31T13:38:55.784740,21,15.969891175409227,1887592650.7509308,682807.057073729,382787.1965774656,anomaly
2025-05-31T13:39:05.842904,21,18.709144440039296,1788920950.7269995,746224.3312105659,435248.3140003252,anomaly
2025-05-31T13:39:15.917605,21,17.57903550418629,1431918977.6897433,611894.709935565,316205.29666037095,anomaly
2025-05-31T13:39:25.990387,21,17.407703813577392,929263034.9120336,752970.5886245054,433590.2170790299,anomaly
2025-05-31T13:39:36.101825,21,18.423459472643135,984257647.4525898,649548.6326321864,347125.0669285252,anomaly
2025-05-31T13:39:46.176779,21,18.063896674867856,990424895.2879596,584039.8350890286,308755.03021553345,anomaly
2025-05-31T13:39:56.242057,21,15.83434125566071,1093830789.1836665,713032.6055484952,423099.00128064415,anomaly
2025-05-31T13:40:06.308252,21,20.05307199222871,1212627437.331225,741869.1992883768,419300.8004035106,anomaly
2025-05-31T13:40:16.383079,21,16.994603780534227,1065204813.239528,509913.298204853,294460.6390398731,anomaly
2025-05-31T13:40:26.462268,21,16.3247028168138,1582901910.5180173,676213.3789756424,381781.0796508719,anomaly
2025-05-31T13:40:36.522114,21,19.5755234595822,1664486338.0385911,681797.6397475455,420547.26670477184,anomaly
2025-05-31T13:40:46.587559,21,18.55553689204572,1316720126.0833228,482953.70139806095,289678.8692188215,anomaly
2025-05-31T13:40:56.657536,21,17.70053509336613,2033820369.8407786,751821.4739322152,429800.6589773316,anomaly
2025-05-31T13:41:06.713011,21,19.764767157502703,1606095681.5916185,678641.985288994,374420.24179681804,anomaly
2025-05-31T13:41:16.764868,21,18.164638652071417,1560151781.9003208,583251.8741009601,306878.9916215626,anomaly
2025-05-31T13:41:57.831036,21,17.490419967460397,1025738853.2391624,661082.5750574243,382456.9540307984,normal
2025-05-31T13:42:07.900184,21,16.30668223687467,1307714461.020838,677529.8697826804,409854.45557858446,normal
2025-05-31T13:42:17.966190,21,12.643935937618293,1389741484.2234945,477915.11726043705,287360.0970752232,normal
2025-05-31T13:42:28.022823,21,9.462600015946009,1967020161.1669047,732704.7166727445,412424.9875134029,normal
2025-05-31T13:42:38.091888,21,6.018195087075822,1678224053.7876685,664511.9285118459,373911.67499114346,normal
2025-05-31T13:42:48.156007,21,3.135333944307472,1599642738.8876843,580144.6282423228,310570.4890039348,normal
2025-05-31T13:42:58.207630,21,3.8692896334040117,1573932428.1910415,716805.4349349036,417943.0514820901,normal
2025-05-31T13:43:08.285175,21,3.4244786616012206,1531186574.2249336,564764.6578887617,264326.17566290934,normal
2025-05-31T13:43:18.348288,21,2.808651698415595,1399173490.0512726,514660.94745752146,291020.5437849044,normal
2025-05-31T13:43:28.405026,21,3.684172146674811,1531133494.8175719,722000.3126863558,412476.55892076355,normal
2025-05-31T13:43:38.460812,21,3.843911892443162,1645628764.1613646,695387.4657608847,410125.93336837733,normal
2025-05-31T13:43:48.519272,21,2.993617274592067,1471878095.351012,491473.3460588716,280565.7725117257,normal
2025-05-31T13:43:58.585087,21,3.9932299524936323,1529764281.1845899,678205.6465200294,369810.97416122543,normal
2025-05-31T13:44:08.649611,21,4.096679024396271,1363856320.141514,747499.297036098,423416.1858881609,normal
2025-05-31T13:44:18.714387,21,3.2479239316974047,1170038274.926201,559301.0447849421,364050.01680783846,normal
2025-05-31T13:44:28.765280,21,3.7420188546930793,1156606239.526335,738724.3665216472,409644.06557647645,normal
2025-05-31T13:44:38.830525,21,3.065585302621262,1326328044.231378,636725.9476351105,340443.3534857984,normal
2025-05-31T13:44:48.909647,21,3.266952416514655,1405047217.6524003,718153.9860131055,423292.8150149459,normal
2025-05-31T13:44:58.989275,21,3.6573518418516455,1214889089.1265845,737695.2603582371,417612.02119866206,normal
2025-05-31T13:45:09.047867,21,3.6194536764669234,1413212259.9229894,740603.9178789328,420431.9112626261,normal
2025-05-31T13:45:19.110301,21,3.471500496492399,1559477124.9154332,628483.7548249228,398040.16054572683,normal
2025-05-31T13:45:29.169192,21,3.7959968331657907,1606723545.0739188,684392.7571553923,370673.2596032831,normal
2025-05-31T13:45:39.234903,21,3.8299423307180738,1807146168.5619996,718321.3180864843,426367.5191912259,normal
2025-05-31T13:45:49.306036,21,3.6368607403301185,1704448917.6628022,616405.0738855957,380673.6221935521,normal
 2025-05-31T13:45:59.370123,21,4.14341967969728,1527072401.1147091,736055.060717799,407068.0053957416,normal
2025-05-31T13:46:09.446850,21,3.7152216326640226,1514171529.889173,624873.008717616,338757.95900585165,normal
2025-05-31T13:46:19.511590,21,4.269738053376076,1306310440.414421,712149.0915751015,423722.6428164563,normal
2025-05-31T13:46:29.588327,21,4.61661975004698,1290064785.1350138,756024.5387871986,430406.32775289513,normal
2025-05-31T13:46:39.643825,21,3.9051931029247995,1135325086.2717257,600171.2866917911,296083.00615385326,normal
2025-05-31T13:46:49.712173,21,4.22216485462787,957102780.5297153,567521.0669397,338912.27047639474,normal
2025-05-31T13:46:59.782189,21,4.578590455735324,1122606941.891622,699274.7223991819,383120.99536117335,anomaly
2025-05-31T13:47:09.836648,21,4.1158372841946065,1487754516.4088888,697872.8810091114,411753.90299965505,anomaly
2025-05-31T13:47:19.912570,21,3.56704835110182,1471323402.771062,612864.5063963337,386756.6046241727,anomaly
2025-05-31T13:47:29.978854,21,3.7455360217214757,1364786951.248224,731197.9770535772,454061.98397879483,anomaly
2025-05-31T13:47:40.039236,21,3.4721435336272846,1072669694.6210607,700324.910021603,649319.368930924,anomaly
2025-05-31T13:47:50.098064,21,3.2825108509227894,682800609.8870273,640607.8693202161,697910.9616953488,anomaly
2025-05-31T13:48:00.171254,21,3.8148136127929715,1221802854.443561,746979.268386516,727131.3836867692,anomaly
2025-05-31T13:48:10.224127,21,3.1750536381048446,1601526561.4386241,564547.482955809,876768.8652757932,anomaly
2025-05-31T13:48:20.315769,21,3.8043447745020376,1880159722.6921272,729455.5850514034,967066.2513957187,anomaly
2025-05-31T13:48:30.385009,21,4.405916439007805,2272238697.9506283,752115.2004521115,709577.0093750563,anomaly
2025-05-31T13:48:40.454456,21,4.0238620406982335,1941317215.1856403,755211.950945517,632132.7151730334,anomaly
2025-05-31T13:48:50.519687,21,3.882760233273491,1723532819.4010017,638961.8518830679,412754.20921619225,anomaly
2025-05-31T13:49:00.589854,21,4.272825765451948,2296934181.2558594,745157.1367751778,426569.99074379203,anomaly
2025-05-31T13:49:10.641938,21,3.562351737699873,2027636085.7731264,695973.0799547668,412526.12930024666,anomaly
2025-05-31T13:49:20.706245,21,3.1747949872004577,1828667036.6794786,614926.2432340016,380109.75256440917,anomaly
2025-05-31T13:49:30.774250,21,3.6478659271377842,1933909950.2168083,764419.4220210279,430933.6334729173,anomaly
2025-05-31T13:49:40.829362,21,2.827972831377655,1506213539.6114938,624566.6554176068,337335.6123860532,anomaly
2025-05-31T13:49:50.879805,21,2.964449790341092,1885380472.2392225,601282.7129355519,399335.3099072853,anomaly
2025-05-31T13:50:00.964229,21,3.42223190112325,1543490886.8277414,728039.9564812125,406136.6433145231,anomaly
2025-05-31T13:50:11.021878,21,2.7705304709384357,1162752582.0744364,582905.5250394848,290475.2292659087,anomaly
2025-05-31T13:50:21.095088,21,2.893953048148374,912488075.2168157,550052.2171974668,337849.54912841076,anomaly
2025-05-31T13:50:31.152039,21,3.5251333397200364,753459783.263087,739404.3275813335,414515.1961772696,anomaly
2025-05-31T13:50:41.211454,21,3.1603113159938734,754999249.5738211,693723.0118716811,406545.5395198119,anomaly
2025-05-31T13:50:51.288697,21,3.2288334381423196,1187129147.7710268,602579.6920552707,371518.5304656699,anomaly
2025-05-31T13:51:01.354474,21,4.110753805476597,1707150825.096871,763554.089073929,434855.36958966084,anomaly
2025-05-31T13:51:11.420446,21,3.4216265477582937,1726714535.907677,594892.687509778,329335.4637802203,anomaly
2025-05-31T13:51:21.480089,21,3.6000398298022347,1878838086.2800822,602800.2571645125,399332.4334544482,anomaly
2025-05-31T13:51:31.547469,21,4.534642170896532,2360835595.007409,759093.3634639703,431936.8186779794,anomaly
2025-05-31T13:51:41.614656,21,3.6652769394529536,1926590084.3734324,458986.73427549005,247243.42065491225,anomaly
2025-05-31T13:51:51.697522,21,5.2500747442614655,2384626737.661299,678915.7603969092,362562.4880826927,anomaly
2025-05-31T13:52:02.035386,21,5.330971408786005,2526691893.5630803,720121.6586422201,409478.80980834103,normal
2025-05-31T13:52:12.103743,21,4.294034995200674,2085767913.3645992,590576.0835336705,298999.6068193583,normal
2025-05-31T13:52:22.158075,21,4.531760746520255,1837918320.5925128,733999.6671572851,419436.5977096019,normal
2025-05-31T13:52:32.233781,21,4.425765329878949,1807668709.1509368,744407.3821583233,423323.72084169375,normal
2025-05-31T13:52:42.309991,21,3.9043846856014617,1413567141.5882854,653211.667696896,378755.5780734773,normal
2025-05-31T13:52:52.378705,21,4.8446065577568325,1783662915.291065,732107.6856980011,432181.0453746055,normal
2025-05-31T13:53:02.446920,21,4.903524770035297,1926419907.4994516,755486.7754430752,429440.04522366304,normal
2025-05-31T13:53:12.503344,21,3.4345156739745906,1350403902.4099762,508769.93831514806,253420.59741901874,normal
2025-05-31T13:53:22.568412,21,4.086876880535777,1270756870.4014041,686336.370491617,397816.9540917961,normal
2025-05-31T13:53:32.650115,21,4.021137178800833,1058119191.0831205,731931.4167348166,406318.4168080093,normal
2025-05-31T13:53:42.711546,21,3.064406590065708,690548676.4929901,470292.6882864808,269358.6817227782,normal
2025-05-31T13:53:52.780916,21,3.4808776198469666,975675380.1633812,656333.1719950908,360191.25052484934,normal
2025-05-31T13:54:02.837816,21,3.583742594386064,1194387708.3058581,720875.315976404,412293.7476354576,normal
2025-05-31T13:54:12.893778,21,3.162713939935379,1382117845.8998857,676762.4291081174,405518.31042735116,normal
2025-05-31T13:54:22.959750,21,3.378990869905404,1367197402.4771395,716631.1202541561,417690.46818404517,normal
2025-05-31T13:54:33.033112,21,3.4881200432022754,1458777557.6800542,747447.8534764781,419416.43289025925,normal
2025-05-31T13:54:43.091004,21,2.7682527681088454,932092103.8867626,592073.0671649956,328178.7941275046,normal
2025-05-31T13:54:53.154276,21,3.503170848698932,822543770.379029,715729.92787484,423146.4732013899,normal
2025-05-31T13:55:03.217957,21,3.461408985894388,1067951098.2359873,727305.7079960385,404692.8881186874,normal
2025-05-31T13:55:13.271667,21,2.4031196092329514,720011556.9511127,454721.86347989424,244684.92472445217,normal
2025-05-31T13:55:23.336458,21,3.1600579168307728,1158459309.1215832,650597.5161989862,351496.1521426322,normal
2025-05-31T13:55:33.391240,21,3.2163555209589845,1086955674.3671353,715815.1709212447,407652.5223464621,normal
2025-05-31T13:55:43.447806,21,2.633251733278037,976187658.3705826,532639.6093315803,281057.7334740116,normal
2025-05-31T13:55:53.506603,21,3.5777982273126705,1142553340.6180742,727635.395177205,412519.84782637935,normal
2025-05-31T13:56:03.589981,21,3.493327199281445,1189858465.2246888,696850.2024216753,389841.2419084737,normal
2025-05-31T13:56:13.652914,21,2.8667889900451664,1156956118.8302329,624294.0491431176,318418.5086269232,normal
2025-05-31T13:56:23.704742,21,3.3547529530544438,1340443288.879038,726230.1322568806,425539.5306910709,normal
2025-05-31T13:56:33.786657,21,3.599179026162909,1452130337.4308138,757736.9370491948,433707.5630435788,normal
2025-05-31T13:56:43.849416,21,2.8142417932063353,1000604078.126364,556874.08395273,282850.9402367703,normal
2025-05-31T13:56:53.918895,21,3.6809821025894762,1546578234.645234,713089.9238658618,425065.7500934615,normal
2025-05-31T13:57:03.984541,21,3.7781032313644918,2082965065.1784275,765336.6048052635,438677.92809014354,anomaly
2025-05-31T13:57:14.054027,21,4.108407006063513,1944562244.0406952,1114890.2235432519,583437.438337414,anomaly
2025-05-31T13:57:24.460059,21,10.029763681279887,2557626164.253454,4807719.3422458675,2373880.1273902333,anomaly
2025-05-31T13:57:36.997119,21,18.647345796782123,2304916232.6747184,8047509.733902399,3635866.7327021733,anomaly
2025-05-31T13:57:50.176991,21,29.378084723360967,2298482751.7809095,13058577.682739232,8295337.587585575,anomaly
2025-05-31T13:58:02.840030,21,46.52345411764891,2362981336.598377,16644548.339714209,8454044.41687017,anomaly
2025-05-31T13:58:13.145879,21,34.28915844551328,1730000390.9606771,12716919.899531767,5481095.656723878,anomaly
2025-05-31T13:58:23.560318,21,39.99736472718181,2255321081.965037,13803874.440704923,7554673.506767244,anomaly
2025-05-31T13:58:37.758304,21,40.0481768821091,2323268165.4023366,14000687.2921663,6794184.063536372,anomaly
2025-05-31T13:58:52.651076,21,38.12008228875934,2520175825.414535,16076316.560334217,8485881.27890996,anomaly
2025-05-31T13:59:06.357873,21,42.04356176031456,2795482194.9365864,15995170.488542045,5564735.244572012,anomaly
2025-05-31T13:59:19.608108,21,33.402635018606496,2251100612.3232965,12883489.896485733,8402281.931431092,anomaly
2025-05-31T13:59:30.718093,21,43.791871874282386,2274384511.88793,16904581.670812286,9285176.654391428,anomaly
2025-05-31T13:59:41.194369,21,34.22895516098521,1611962459.1199043,14591839.132233066,7395426.639386735,anomaly
2025-05-31T13:59:51.309579,21,38.92951628788083,1611144926.372159,16554519.194246441,9052276.030088436,anomaly
2025-05-31T14:00:01.794394,21,37.69273183639109,1645877683.5457609,16317716.638912307,8295315.43093403,anomaly
2025-05-31T14:00:11.936120,21,30.31772045961327,1217496345.1981282,12899573.7505843,5559026.645655146,anomaly
2025-05-31T14:00:22.109106,21,34.621598453218176,908124457.4739455,14723076.169951078,7695077.279370053,anomaly
2025-05-31T14:00:33.962638,21,33.436371338671144,1012287063.8748711,16531863.042242369,8881231.030285932,anomaly
2025-05-31T14:00:44.367481,21,26.041580306824887,1338744031.7308326,10373261.57919575,5204332.54876402,anomaly
2025-05-31T14:00:54.653498,21,36.623192501674275,2130601825.5364273,16363618.882767782,8775622.977075519,anomaly
2025-05-31T14:01:08.174156,21,37.87890876488624,2064305387.0501025,15074111.82590538,7217331.059125229,anomaly
2025-05-31T14:01:18.475251,21,28.42969229156882,1567112107.8458772,11271466.734410938,7158289.163171373,anomaly
2025-05-31T14:01:30.030031,21,39.047459811827636,1691254618.389814,15639705.724264136,7958463.328101379,anomaly
2025-05-31T14:01:42.627909,21,29.304126886970835,1167973820.035248,8902885.219975043,4232826.169271413,anomaly
2025-05-31T14:01:53.009606,21,41.7986614110109,1482105963.7288792,16020779.746813217,8478796.5794421,anomaly
2025-05-31T14:02:03.162621,21,39.87390372743897,1506456533.5982018,15511226.147289341,8675911.214072252,anomaly
2025-05-31T14:02:14.111489,21,35.50590396322807,1344673947.9656246,13326082.66634315,5512284.690400536,anomaly
2025-05-31T14:02:24.184404,21,31.73791011944123,1968205968.4548686,12225232.054852644,6334176.174693325,anomaly
2025-05-31T14:02:34.243447,21,24.41576017764319,1961931200.665515,10712208.913816161,5431126.687525087,anomaly
2025-05-31T14:02:45.213668,21,11.102931358627025,1531726694.4658232,5439309.8008554615,2053603.0847142527,normal
2025-05-31T14:02:55.265510,21,5.15418944983997,1692579703.5793552,1211785.000649726,451659.6834448036,normal
2025-05-31T14:03:05.314571,21,3.6167126297711385,1289655167.5901043,685407.2885414474,398503.6141249726,normal
2025-05-31T14:03:15.380959,21,2.775022031025197,991163299.2314095,569143.1680474306,357511.9438081011,normal
2025-05-31T14:03:25.449431,21,3.4994632641450467,694268384.579673,726633.2174255443,424493.2708861788,normal
2025-05-31T14:03:35.508331,21,3.471622660954449,909539137.5649172,689785.6199084654,423350.98045686714,normal
2025-05-31T14:03:45.577454,21,2.9909932029272888,1246842751.8418822,603844.7133320358,317114.9563514488,normal
2025-05-31T14:03:55.626857,21,3.5341198871547155,1487176781.6205018,683904.0395025365,382008.9103236429,normal
2025-05-31T14:04:05.689430,21,3.690191882653858,1547056890.2332742,748728.0041443519,431483.50168723793,normal
2025-05-31T14:04:15.746936,21,2.8176923418378,1490603458.1299958,583753.4499992159,308908.468497404,normal
2025-05-31T14:04:25.809236,21,3.434512389178142,1736358008.2966702,713818.542963342,423317.11302659597,normal
2025-05-31T14:04:35.872048,21,3.2812288658519217,1579344921.4633555,661242.3208282471,351306.5141657523,normal
2025-05-31T14:04:45.927264,21,2.525920654536376,1312328043.4187846,484179.8654932154,289509.3108465064,normal
2025-05-31T14:04:55.996309,21,3.444002618074826,1155298758.8430357,713094.0887587592,426202.20867710386,normal
2025-05-31T14:05:06.059807,21,3.6172881543253634,1136634523.691265,667738.3159938733,402558.3597718521,normal
2025-05-31T14:05:16.118473,21,2.8681399693603953,1191752164.792997,471829.7186571684,273983.215447806,normal
2025-05-31T14:05:26.175813,21,3.9424409085051018,1471829572.8794239,741577.0462364445,428909.66032104817,normal
2025-05-31T14:05:36.253552,21,3.738198106548436,1300996248.159626,717259.8898984081,423652.6023046513,normal
2025-05-31T14:05:46.332395,21,3.007069935634953,1264682230.22343,558736.0254063442,303592.736228793,normal
2025-05-31T14:05:56.387965,21,3.4539396998892395,1334681077.0857112,632686.353477632,369624.2573948195,normal
2025-05-31T14:06:06.442264,21,3.4757189521934215,1577888091.7905872,715526.0098683242,402869.9386950396,normal
2025-05-31T14:06:16.522328,21,2.52162059561082,1344769653.7193964,510352.40875329054,292078.58422511106,normal
2025-05-31T14:06:26.600315,21,3.3975502603557106,1453350203.6053464,713895.7436113517,422072.17910612526,normal
2025-05-31T14:06:36.673535,21,3.3300001145571425,1357302975.6879337,690557.1600944768,419198.3901991751,normal
2025-05-31T14:06:46.753689,21,2.600238521543297,912343703.7529343,487111.3756545492,286471.12722017313,normal
2025-05-31T14:06:56.828738,21,3.6754966777385425,815948451.2335603,715526.4796757224,411834.94124464213,normal
2025-05-31T14:07:06.880282,21,3.6375813299505553,766901732.7754639,724044.9750465674,415470.8837630951,normal
2025-05-31T14:07:16.928674,21,2.830478578764753,972178989.3676461,588576.4258057408,299684.90786067164,normal
2025-05-31T14:07:26.992316,21,3.299093859070894,1338096026.292478,669224.4505752672,369752.3279582744,normal
2025-05-31T14:07:37.049500,21,3.60541676387103,1475859544.9395056,735691.2624049536,430163.5892014291,normal
2025-05-31T14:07:47.131400,21,2.8858274108552258,1301289612.490077,581028.9660457056,311307.9341458131,anomaly
2025-05-31T14:07:57.203489,21,3.562486941294964,1200849640.9012933,687398.3902097583,405099.7982411919,anomaly
2025-05-31T14:08:07.266799,21,3.365343072538608,1460567442.5917392,665886.3995591336,360638.55592698883,anomaly
2025-05-31T14:08:17.329337,21,2.616635558144647,1549706823.3999028,520439.1023665404,308375.39272628893,anomaly
2025-05-31T14:08:27.385220,23,3.606152145563613,1993435352.7497036,747262.0710165012,442644.7314556232,anomaly
2025-05-31T14:08:37.447048,23,3.658586752451656,1736225679.9240513,701715.6475579315,419099.3557112528,anomaly
2025-05-31T14:08:47.515322,23,3.2180116449166913,1015696001.1377004,496814.5572559996,285843.12480673095,anomaly
2025-05-31T14:08:57.578817,24,4.473769165861531,924095383.5705408,702620.0353912554,383881.8200163582,anomaly
2025-05-31T14:09:07.646968,24,5.001014174570108,882382840.6050086,741561.9889184018,439806.90389819205,anomaly
2025-05-31T14:09:17.715795,24,5.460517426592913,1551920830.0336013,686698.7313578881,402738.76116102363,anomaly
2025-05-31T14:09:27.782952,24,6.2721100002501675,1908678492.9340246,747982.0992521428,425152.2536543597,anomaly
2025-05-31T14:09:37.865317,24,6.012214374176587,1899303569.3956077,661991.5635231554,355352.34493624815,anomaly
2025-05-31T14:09:47.935705,24,7.294100547930979,1892280045.703803,651726.6460897515,415945.9980358275,anomaly
2025-05-31T14:09:57.999356,24,8.583192823830933,1817435044.8797352,760227.0987099428,442386.73188498,anomaly
2025-05-31T14:10:08.354155,24,7.1595772606476755,1389622851.6759274,552177.4938625814,293745.11583981325,anomaly
2025-05-31T14:10:18.486966,24,7.676989693999906,924993358.1672363,630624.0734428818,398487.98173586675,anomaly
2025-05-31T14:10:28.550264,25,7.592423840795655,794554146.8263382,686931.726417257,375153.46281166066,anomaly
2025-05-31T14:10:38.622333,25,7.700358024014837,743975902.9855381,748031.7112759275,436381.55551795155,anomaly
2025-05-31T14:10:48.700477,25,7.222845724223114,989926717.9952829,571483.6720052208,375336.9041784063,anomaly
2025-05-31T14:10:58.771492,25,7.6335752570736695,1348464605.0399275,740864.4412140932,414655.6113396119,anomaly
2025-05-31T14:11:08.841811,25,7.077641640096037,1258544069.8540387,635911.4708109145,346119.98462111445,anomaly
2025-05-31T14:11:18.900922,25,6.859688288189382,1480586238.4194288,705682.1290283396,425281.7704100927,anomaly
2025-05-31T14:11:28.959904,25,7.006679318840276,1391560599.534989,759849.3824139647,439549.1238977419,anomaly
2025-05-31T14:11:39.027655,25,5.556605885193,1152480602.0365796,551538.8150420558,289408.74215099827,anomaly
2025-05-31T14:11:49.085297,25,4.613397996172039,1054776049.3027626,624918.9931769414,393962.33584098244,anomaly
2025-05-31T14:11:59.148721,25,4.15233828083326,1188344419.8251293,678115.4383738576,369878.5422384756,anomaly
2025-05-31T14:12:09.201690,25,3.669397505733184,1102483280.7832725,727029.0849891894,419949.3418323685,anomaly
2025-05-31T14:12:19.255055,25,3.2009136456997638,1572419868.6366544,570767.2372622604,371154.0462180077,anomaly
2025-05-31T14:12:29.324253,25,3.96902231234409,1777535644.1076815,763076.5229152272,432624.3739550093,anomaly
2025-05-31T14:12:39.388239,25,3.446581454891652,1557731355.5864346,625477.226771379,337114.2633530576,anomaly
2025-05-31T14:12:50.922801,25,4.541094901847473,1819890085.4567657,763268.1236527071,439123.6468311684,normal
2025-05-31T14:13:00.993230,25,4.540300876766119,1577658293.633136,760480.9642517478,436912.6988571839,normal
2025-05-31T14:13:11.055730,25,3.5423744497229857,1338739176.325233,555908.6838052331,271363.52239516954,normal
2025-05-31T14:13:21.119502,21,4.112884993913397,1084422492.254899,663319.8686738178,362412.32528618316,normal
2025-05-31T14:13:31.178887,21,4.2928235175723035,1170100014.5899086,729026.5951038541,415707.55275265913,normal
2025-05-31T14:13:41.260439,21,3.707432456859649,961327705.5084459,549960.6360415387,289435.5679646489,normal
2025-05-31T14:13:51.320693,21,4.8874427759516035,1724336000.6974146,706039.1896655968,413537.5442738672,normal
2025-05-31T14:14:01.373547,21,4.809388884501036,2007390384.823091,739068.7163075047,415069.7832363601,normal
2025-05-31T14:14:11.424723,21,3.9993995438567858,1576656277.8044934,683804.6366897688,408788.1836413031,normal
2025-05-31T14:14:21.496214,21,3.6855071331005074,1511939945.0620036,712878.6308588533,425294.83498225524,normal
2025-05-31T14:14:31.559732,21,3.657681725507772,1606693896.4945164,761129.8620700379,430602.83050140657,normal
2025-05-31T14:14:41.620433,21,2.764633527281959,1183365534.6192434,542666.6705345648,318913.50880048535,normal
2025-05-31T14:14:51.672572,21,3.5739399049122853,1489544614.00485,712216.2193720705,402811.091763171,normal
2025-05-31T14:15:01.730086,21,3.5658365080807712,1346248415.6966624,712154.2438621441,407904.45019038307,normal
2025-05-31T14:15:11.793109,21,2.7920198816503534,1037377157.3800682,532380.1888140664,281255.5270423231,normal
2025-05-31T14:15:21.848701,21,3.3947598157350676,1539214958.2245643,654672.0923006667,355694.9879699496,normal
2025-05-31T14:15:31.922306,21,3.5058989100346083,1564376806.8194032,736618.7817237626,415725.44398145267,normal
2025-05-31T14:15:41.973239,21,3.140249841371277,1383195994.6829422,715580.5614279013,410713.50892655476,normal
2025-05-31T14:15:52.040464,21,3.6429639915441965,1258116099.9330227,713624.6326298398,415955.24577452027,normal
2025-05-31T14:16:02.101473,21,3.7369611250289827,1298009765.054346,749193.0954130274,420745.5452018812,normal
2025-05-31T14:16:12.171211,21,2.893062934617345,1071562741.2469034,594035.7590765853,327380.72715342743,normal
2025-05-31T14:16:22.234544,21,3.4145483208135294,1768248696.0206146,710645.5805945861,424294.32170006324,normal
2025-05-31T14:16:32.293148,21,3.372828265025065,1842555490.666407,733979.6792185361,430447.02233541565,normal
2025-05-31T14:16:42.348800,21,2.606857085997092,1597258958.966963,423618.9631714634,241828.53361941472,normal
2025-05-31T14:16:52.415299,21,3.492372737021328,1691062423.1926827,601964.2605271772,334243.63361782295,normal
2025-05-31T14:17:02.481724,21,3.6542538107390796,1375631834.922754,647274.6424327184,374314.79239120614,normal
2025-05-31T14:17:12.544458,21,2.931805401289388,1103825259.2080154,499720.2518515225,256775.16127996202,normal
2025-05-31T14:17:22.600409,21,3.3400044001222997,1175409078.4596555,606333.2152828468,353852.07567998813,normal
2025-05-31T14:17:32.697782,21,3.167870381087162,1235733806.7128205,600324.3029361751,334597.2843257871,normal
2025-05-31T14:17:42.752673,21,2.6062446662473744,1253724031.0388455,511246.5028404096,282534.051326565,normal
2025-05-31T14:17:52.842624,21,3.094581908316961,1377721969.3423448,601290.073929162,366953.7755016992,anomaly
2025-05-31T14:18:02.907011,21,3.1427762389371536,1156283258.8912308,642090.3612908948,395813.6470517836,anomaly
2025-05-31T14:18:12.969302,21,2.294529381926132,676828980.1642451,392641.9204636159,275532.6154030315,anomaly
2025-05-31T14:18:23.030302,21,3.349857262136202,636956678.1484909,649585.9197555629,477305.91262773774,anomaly
2025-05-31T14:18:33.097577,21,3.4777055128226597,611206602.1507114,658144.039174644,557440.7028249361,anomaly
2025-05-31T14:18:43.172490,21,2.8537211839118592,718790136.7815187,529534.8287817969,533297.89880029,anomaly
2025-05-31T14:18:53.245460,21,3.458683581995959,1127175588.6911392,600143.3774304119,590365.4069978985,anomaly
2025-05-31T14:19:03.298352,21,3.654462474856722,1425096796.3678133,694348.8113356465,707621.8822380787,anomaly
2025-05-31T14:19:13.367633,21,3.118923226662005,1399661432.2871008,654734.4173391715,655673.5721001962,anomaly
2025-05-31T14:19:23.419600,21,3.2945373608742807,1716053901.0111935,656387.7668017359,721899.5036721964,anomaly
2025-05-31T14:19:33.481374,21,3.4395738747303524,1928614429.1665945,700718.3807907111,755699.0554342323,anomaly
2025-05-31T14:19:43.531334,21,2.5697484657083227,1668983197.6938658,499462.08962072677,629230.0596262458,anomaly
2025-05-31T14:19:53.583181,21,3.5385717447150635,1879047634.0324209,685191.8282565258,748250.0426511796,anomaly
2025-05-31T14:20:03.645247,21,3.4498952533194243,1486277231.7060997,651890.6255268403,678569.7369385265,anomaly
2025-05-31T14:20:13.718510,21,2.5922641282615424,1088361688.1767056,442413.13917574135,640344.4309732754,anomaly
2025-05-31T14:20:23.779386,21,3.2571730004613975,1416831526.992988,625139.734215218,682566.5425299077,anomaly
2025-05-31T14:20:33.828942,21,3.430359810012605,1229119337.4246707,681236.0976185803,741828.5945585215,anomaly
2025-05-31T14:20:43.883223,21,2.6986551715770597,1345234485.5517025,551336.9645530037,565705.1761240606,anomaly
2025-05-31T14:20:53.943210,21,3.405932321304288,1133546478.3000252,648454.1388805169,565571.6416983954,anomaly
2025-05-31T14:21:04.020405,21,3.3659583363956966,1357035305.4737883,664130.7565541439,664605.7162937997,anomaly
2025-05-31T14:21:14.112900,21,3.0462752488833185,1551612304.424946,606087.3573589432,634501.8808236009,anomaly
2025-05-31T14:21:24.190937,21,3.4293647008153085,1493685126.9349155,653944.3335672751,689915.4783439066,anomaly
2025-05-31T14:21:34.249105,21,3.5639769506395917,1372669214.840464,691266.6164045495,694559.3893503078,anomaly
2025-05-31T14:21:44.311377,21,3.025850993499521,1068877573.5277059,459013.2612943969,641532.0316101194,anomaly
2025-05-31T14:21:54.389355,21,3.881193998672385,906248000.7648503,627088.8064463814,724039.2860244178,anomaly
2025-05-31T14:22:04.455989,21,4.1440370167855205,742749301.3121669,639798.2658194285,767687.6019358839,anomaly
2025-05-31T14:22:14.513796,21,3.128225282769973,969075224.4940336,471580.91091434174,699032.9964164908,anomaly
2025-05-31T14:22:24.572110,21,3.854616311141298,1279648876.0185246,685960.5776344681,754774.9926903477,anomaly
2025-05-31T14:22:34.640847,21,3.6875788496397335,1592371713.1582732,573986.3953405762,656196.8867190368,anomaly
2025-05-31T14:22:44.708160,21,3.2938181703761247,1632373689.7492852,515077.0173430808,537360.1001489973,anomaly
2025-05-31T14:23:25.957046,21,4.081860119578996,1068739257.5171903,586019.8911374183,540099.215171289,normal
2025-05-31T14:23:36.030871,21,4.327700135102855,1222936021.23205,637233.3252246606,725780.1970027364,normal
2025-05-31T14:23:46.089659,21,3.2141630771104053,956511587.2524855,457497.6777797562,589386.9076915948,normal
2025-05-31T14:23:56.153676,21,4.471506650642616,1399170225.4294157,642987.4471002024,633014.0746072719,normal
2025-05-31T14:24:06.215760,21,4.113905487027179,1399835473.2339044,554041.8471888871,389556.9945982692,normal
2025-05-31T14:24:16.273158,21,3.2632083821562787,1323895770.2904632,533120.8754914249,296837.1988546865,normal
2025-05-31T14:24:26.344922,21,3.677779375129242,1593643311.4405606,607500.1243809635,365871.27720078354,normal
2025-05-31T14:24:36.415256,21,3.290887395620024,1633007377.2367713,524241.2787142116,281328.4778861492,normal
2025-05-31T14:24:46.485509,21,2.6244152933719542,1359297475.567208,470620.11323270755,254826.9156808288,normal
2025-05-31T14:24:56.555066,21,3.5619321126664927,1498623173.6429017,602404.01082593,356559.1638362432,normal
2025-05-31T14:25:06.632906,21,3.881053648709031,1819280368.261981,631369.0431679784,364939.99474566267,normal
2025-05-31T14:25:16.691743,21,2.798698117507561,1249459634.4091103,431426.629047085,255502.86211609963,normal
2025-05-31T14:25:26.770528,21,3.508182326624939,1115074094.8534286,567890.0133100832,324862.2578673617,normal
2025-05-31T14:25:36.844172,21,3.472515978211989,1059848719.9889543,600469.9931375937,362331.57238569926,normal
2025-05-31T14:25:46.896010,21,3.132065301662154,700941834.0802169,514745.4786353605,320642.89396416774,normal
2025-05-31T14:25:56.951430,21,3.585709397716675,1082363570.8005593,646064.6191700646,369880.3885274681,normal
2025-05-31T14:26:07.005308,21,3.0190086217812055,1135048455.0060434,531821.6017334778,295680.3498389917,normal
2025-05-31T14:26:17.080242,21,3.2700025694773007,1558053501.9125884,578920.7291545937,344336.3595445622,normal
2025-05-31T14:26:27.143210,21,3.5265843270508164,1771461800.5430088,620947.4552030306,357278.37452091905,normal
2025-05-31T14:26:37.200311,21,3.8711640031860175,1730565645.087767,624722.9830149461,361783.38375460973,normal
2025-05-31T14:26:47.349339,21,4.100812908123902,1207104129.7999468,532442.4467095298,340724.51453705376,normal
2025-05-31T14:26:57.413940,21,4.490966265534779,884954795.9301454,577155.038115522,328214.70237554715,normal
2025-05-31T14:27:07.485198,21,4.693046517557501,898860145.5862669,607546.9021190257,368685.19194138347,normal
2025-05-31T14:27:17.553512,21,4.059933353983041,1169745683.2862592,528230.0563265425,331713.8863350461,normal
2025-05-31T14:27:27.625424,21,4.681797799997398,1506289051.9359827,632126.1470638652,364244.1940946297,normal
2025-05-31T14:27:37.691933,21,4.131030040404161,1866510920.0280788,538533.9784713094,303428.59275011905,normal
2025-05-31T14:27:47.775382,21,4.279297229252068,1827677286.579531,516640.1296262099,349102.9958245595,normal
2025-05-31T14:27:57.827539,21,4.9868796352429055,1814177084.2988272,627895.2552417138,369115.36704067007,normal
2025-05-31T14:28:07.902273,21,4.465008022605637,1598962624.5798516,514401.9690534888,270875.52617795736,normal
2025-05-31T14:28:17.996955,21,4.607501680122748,1542472568.1971753,535029.54569796,339223.57860704715,normal
2025-06-01T19:24:46.630558,92,3.894421857148406,1392640379.4685547,301901.35972703656,307729.0352398184,normal
2025-06-01T19:24:56.706681,92,3.618225726597555,1400113385.3338459,77276.06721189307,87882.78923159566,normal
2025-06-01T19:25:06.829274,92,4.874288863251701,1975114508.823217,233026.40104645365,166863.2119354642,normal
2025-06-01T19:25:16.886642,92,5.321354645230149,2245267574.155257,375595.1817025213,250722.76041262047,normal
2025-06-01T19:25:26.946923,92,4.291353323598013,1765828526.0894637,432373.2835788566,256016.49543301563,normal
2025-06-01T19:25:37.039986,92,5.734110357408536,1777445201.8561223,645910.0102537904,387247.61724563426,normal
2025-06-01T19:25:47.141153,92,5.960227833346986,1754285795.989316,724905.0068933165,412888.20022405294,normal
2025-06-01T19:25:57.210838,92,5.549437511214658,1526067830.3437421,675745.6440953012,394861.0969349884,normal
2025-06-01T19:26:07.276001,92,7.122634684777635,1977742473.615562,734105.9827269845,447608.03612493596,normal
2025-06-01T19:26:17.340020,92,6.931215543784114,2172199248.548384,770451.2710539947,445921.7563064986,normal
2025-06-01T19:26:27.416042,92,5.1124177342239525,1948572395.8883703,634814.356149792,413054.15136164956,normal
2025-06-01T19:26:37.492352,92,5.22463906942859,1989100753.6970348,700549.981349874,399151.48474090267,normal
2025-06-01T19:26:47.575599,92,5.120645013567567,1646360347.705555,737042.7683500441,447031.0211027274,normal
2025-06-01T19:26:57.633705,92,4.960297726732073,1590204558.3775146,639636.8662224612,404221.0198979253,normal
2025-06-01T19:27:07.690048,92,5.450593442750681,1475405603.5460265,756028.0084034393,434039.2059642984,normal
2025-06-01T19:27:17.801031,92,4.3987451378200895,1061994380.1046757,634152.9411689935,351394.5520902773,normal
2025-06-01T19:27:27.873211,92,4.077807370631179,1247812078.75573,695449.0713439075,422436.51200497185,normal
2025-06-01T19:27:37.945707,92,4.243103199309195,1358988212.1206393,750962.2181577289,438078.8551413924,normal
2025-06-01T19:27:48.003668,92,3.768245814867411,1335998653.2100964,592062.082089236,302805.5662112108,normal
2025-06-01T19:27:58.081082,92,4.588565105828094,1710324530.7759795,682022.4609249501,382793.92812701943,normal
2025-06-01T19:28:08.142118,92,5.037878057836406,1833563952.0427551,770522.8419619602,447299.81280775816,normal
2025-06-01T19:28:18.213113,92,4.832219305585612,1634950226.0852242,712062.1016590248,430252.2583562804,normal
2025-06-01T19:28:28.293566,92,5.644026448468151,1330620005.8018517,723212.3222802297,415003.3323656711,normal
2025-06-01T19:28:38.356447,92,5.673969849096521,1214001089.5952978,742124.650677,414774.0664269923,normal
2025-06-01T19:28:48.412993,92,4.646223413581072,1013060665.986805,657414.8361868941,383447.9392201567,normal
2025-06-01T19:28:58.471098,92,5.356822061385588,990021377.9800305,751794.0635352931,446982.1072952188,normal
2025-06-01T19:29:08.542671,92,5.279298045114977,931419039.4091253,756362.4864581287,436626.1354263253,normal
2025-06-01T19:29:18.615732,92,3.8349011035682454,856301777.5757909,458519.69612195966,253624.2741342723,normal
2025-06-01T19:29:28.687025,92,5.086258733396738,1006855879.7674786,686832.4916770929,407382.3318709215,normal
2025-06-01T19:29:38.813162,92,5.778364295129487,1139387736.7470324,748381.360313572,438275.61103908974,normal
2025-06-01T19:29:48.895634,92,5.086640213891523,1280124723.370435,617445.0260397888,327024.5659648,anomaly
2025-06-01T19:29:58.968438,92,6.559717279129155,1702291178.2908378,681242.5744011506,385758.7576082562,anomaly
2025-06-01T19:30:09.045058,92,6.7374948280675735,1728954515.0558407,684532.631426477,398332.7839220631,anomaly
2025-06-01T19:30:19.114895,92,10.293262486071752,1640170809.7939599,650316.5272948851,383532.9631400421,anomaly
2025-06-01T19:30:29.180987,92,11.613070055684439,1795989193.899759,738636.858314008,433693.221344741,anomaly
2025-06-01T19:30:39.255973,92,14.202352139004418,2172006483.779033,763862.0539336139,441955.4276839711,anomaly
2025-06-01T19:30:49.342395,92,19.43815847617364,2437740906.7054424,635995.4133395518,404957.80999750685,anomaly
2025-06-01T19:30:59.435702,92,19.481040693573508,2864885523.7032304,710238.9621470622,425170.6344158893,anomaly
2025-06-01T19:31:09.510269,92,18.832278652308045,2472222647.9758716,772468.2377766878,444821.4480347007,anomaly
2025-06-01T19:31:19.719522,92,20.70324538530584,2154196576.0724473,622653.7320551618,387264.55639503384,anomaly
2025-06-01T19:31:29.803885,92,19.011006763930077,1789008489.540015,711571.5990430901,392684.0201432307,anomaly
2025-06-01T19:31:39.880443,92,20.414148738130745,1358622593.6330147,643152.1669789422,389480.12298107665,anomaly
2025-06-01T19:31:49.968276,92,20.113876908606695,1259557825.64423,656868.824079124,420005.8368873495,anomaly
2025-06-01T19:32:00.040381,92,17.966030401303577,1161116218.444338,733810.775422206,417062.3118131959,anomaly
2025-06-01T19:32:10.124864,92,20.225801356750175,1163420270.395995,569527.2931115337,278385.2981719647,anomaly
2025-06-01T19:32:20.201127,92,21.16582230879743,1614152364.5717514,751605.793371754,429547.1388550873,anomaly
2025-06-01T19:32:30.281404,92,18.223332867101725,1726456835.7855804,741047.0957907457,427044.46963516576,anomaly
2025-06-01T19:32:40.351323,92,20.00573385572923,1683585690.4854028,741334.6926831674,424052.151873364,anomaly
2025-06-01T19:32:50.418622,92,18.65564743119564,2429478018.381488,671604.2468814648,380691.0466405013,anomaly
2025-06-01T19:33:00.487528,92,17.659738386574173,2909644696.9738646,723089.9369013763,397967.986508726,anomaly
2025-06-01T19:33:10.565724,92,19.306741314981863,2549027434.255379,606193.7772429561,359734.7348114106,anomaly
2025-06-01T19:33:20.660927,92,18.772833180053663,2491115237.7945733,751210.3050515242,433150.71314332716,anomaly
2025-06-01T19:33:30.737750,92,14.316255669549003,2028316571.6041934,753322.0242440248,433545.7466096202,anomaly
2025-06-01T19:33:40.809307,92,18.242798199812356,1165153787.110667,444472.7530877095,256727.60228636788,anomaly
2025-06-01T19:33:50.891170,92,18.607789734638537,1255813769.754569,719748.0876677166,436925.46354035224,anomaly
2025-06-01T19:34:00.961498,92,14.365523004903446,1547608223.0917056,769250.2105673114,441973.66867965506,anomaly
2025-06-01T19:34:11.053978,92,19.064186299571904,1549188993.363336,481723.09028955945,281816.888261045,anomaly
2025-06-01T19:34:21.122888,92,19.115684647544334,2547174031.5796824,689782.7800069447,396254.195357116,anomaly
2025-06-01T19:34:31.190127,92,15.147796590121368,2369363115.987833,685983.0288889036,399507.5510211302,anomaly
2025-06-01T19:34:41.257070,92,19.33570148225764,1869225791.4234767,582130.235363178,322512.9123549126,anomaly
2025-06-01T19:35:22.167411,92,19.961712390850987,1838307611.3587835,712401.7341346425,429787.36800174206,normal
2025-06-01T19:35:32.235498,92,17.81881830319799,1969705720.6906793,761689.0509112014,439449.8697253679,normal
2025-06-01T19:35:42.297177,92,14.043258765196146,2173579846.098047,629405.3432755535,391932.6624581339,normal
2025-06-01T19:35:52.392152,92,11.776916211952056,2531331054.0856476,725728.895638346,398787.99836196704,normal
2025-06-01T19:36:02.459513,92,6.364725759697659,2065278626.2623014,678941.0179278521,396617.3094191286,normal
2025-06-01T19:36:12.563720,92,6.3862679902374575,1994063647.903773,745790.4969069646,447692.5424058207,normal
2025-06-01T19:36:22.620067,92,5.647614389158055,1772863496.1301224,764752.5304168084,439951.5569510705,normal
2025-06-01T19:36:32.677199,92,4.454096151451853,1644110254.5826993,539782.3332479557,267984.03522323864,normal
2025-06-01T19:36:42.742906,92,5.2149133288353235,2259539764.2941527,718922.3420291862,432494.318110907,normal
2025-06-01T19:36:52.820933,92,5.432602540102015,2369179566.2239475,740210.7774815036,420725.70939258096,normal
2025-06-01T19:37:02.886889,92,4.786911849319915,1902903662.1339276,593494.1929653223,306855.5555792477,normal
2025-06-01T19:37:12.950203,92,5.930309479626273,1780565638.6406505,723974.2415141389,413992.8511717841,normal
2025-06-01T19:37:23.006723,92,5.498278414976985,1762683007.5033116,701700.4599992624,393434.3251491597,normal
2025-06-01T19:37:33.059901,92,4.639793332922431,1270031772.6552472,633380.4053557494,365545.56850371556,normal
2025-06-01T19:37:43.124698,92,4.62894774239461,2181954475.974284,732371.1135342221,437385.7914672758,normal
2025-06-01T19:37:53.199120,92,4.478335033801039,2358786812.4479647,765559.1563599131,440544.1331000745,normal
2025-06-01T19:38:03.263730,92,3.114518770396703,1910977663.1985981,530795.7889296655,261783.91070002088,normal
2025-06-01T19:38:13.319187,92,3.957778559990958,2449311528.013111,701053.0569511445,416825.9409077007,normal
2025-06-01T19:38:23.376737,92,4.2998062124044445,2315209893.59513,763155.9206512057,440412.4708500171,normal
2025-06-01T19:38:33.444991,92,3.3475371090182473,1615812967.7947388,534039.6406349803,297806.7188019627,normal
2025-06-01T19:38:44.164605,92,4.2045269138998655,1915598583.5963142,667298.4121946875,388326.2857368225,normal
2025-06-01T19:38:54.236488,92,4.849446073033866,1775891415.9749975,699785.6892271666,434279.22277662327,normal
2025-06-01T19:39:04.300943,92,5.121172011285361,1482150028.170928,629565.7849161108,391830.0147041239,normal
2025-06-01T19:39:14.366152,92,5.707311145371098,1447509033.077945,732876.0095858385,425213.10174972255,normal
2025-06-01T19:39:24.438862,92,4.638556126797346,1425576837.0637364,622214.4806819232,343303.5914446509,normal
2025-06-01T19:39:34.508433,92,4.794798334389577,1523437179.7384503,732297.325762491,436458.164235155,normal
2025-06-01T19:39:44.570935,92,4.942470879973745,1511045814.803043,752216.2560016126,430079.2756092931,normal
2025-06-01T19:39:54.643832,92,4.766432454511329,1055579999.5394953,752385.9098209427,431813.95617431647,normal
2025-06-01T19:40:04.703787,92,5.037794705615105,916859216.3075083,760104.4416374366,435706.6503767566,normal
2025-06-01T19:40:14.775723,92,4.859462177759902,950369754.2853453,736200.057086635,425379.5620816296,normal
2025-06-01T19:40:24.870466,92,4.37723630920033,962704942.1330565,741725.429393254,428818.83967104275,anomaly
2025-06-01T19:40:34.933075,92,4.240480212184208,1645837080.3397233,684521.1325940304,395926.63056467957,anomaly
2025-06-01T19:40:44.999472,92,4.472613225987617,2573094819.062617,780834.2206094927,456214.8830832978,anomaly
2025-06-01T19:40:55.072114,92,3.1789760889334366,2546300519.0487924,576126.3865584658,343679.9296778518,anomaly
2025-06-01T19:41:05.139586,92,4.3026199859304475,3205517919.788058,812179.8077414026,494060.0211953547,anomaly
2025-06-01T19:41:15.206368,92,4.435032148930274,3151012478.772699,809811.2569313161,488382.8893157095,anomaly
2025-06-01T19:41:25.260166,92,3.066125458158687,1978951814.7908063,457457.6162696605,267868.4627333066,anomaly
2025-06-01T19:41:35.349279,92,4.95715005860113,2097633518.8182852,669980.0190154961,390286.4816115876,anomaly
2025-06-01T19:41:45.413908,92,5.294615736573192,2134473910.9554763,789890.4100349449,454889.0673364551,anomaly
2025-06-01T19:41:55.489641,92,4.216672595998716,1702806819.4322042,498538.137762728,295050.1910475723,anomaly
2025-06-01T19:42:05.575509,92,5.381668937685524,1701568179.6183865,766086.1824423586,466893.3571642628,anomaly
2025-06-01T19:42:15.646817,92,5.348344638427206,1789686686.5815122,740212.017220834,429258.96122741274,anomaly
2025-06-01T19:42:25.736661,92,5.145531866144894,1767820736.7247026,728963.4477279247,419845.06054888054,anomaly
2025-06-01T19:42:35.818621,92,6.034029481646781,2537643500.062194,759409.303001256,467123.8325668476,anomaly
2025-06-01T19:42:45.896026,92,5.906174024710822,2825892646.0836053,727994.6746301195,432124.4119588233,anomaly
2025-06-01T19:42:55.989026,92,5.451540307495166,2627856006.003464,725575.1686300216,444511.16461777943,anomaly
2025-06-01T19:43:06.048595,92,5.330954439974167,2302045671.8551207,675146.7340078068,394517.96475565777,anomaly
2025-06-01T19:43:16.121748,92,5.865131109800072,1933324192.6776843,798321.8289531207,460675.63532381866,anomaly
2025-06-01T19:43:26.199197,92,5.091907452979374,1718500299.60518,641882.6511158365,401721.84040828753,anomaly
2025-06-01T19:43:36.270642,92,5.071111967943705,1882503909.4577727,745921.8130453102,416937.077707342,anomaly
2025-06-01T19:43:46.335703,92,4.007678319018085,1447629856.7800837,650747.5990075476,376885.5114703258,anomaly
2025-06-01T19:43:56.407153,92,3.967572200699378,1334605323.9758332,652526.4517747277,417062.8107358599,anomaly
2025-06-01T19:44:06.476383,92,4.39661143201295,1522187100.5461416,763568.227261509,439747.57151946775,anomaly
2025-06-01T19:44:16.539840,92,3.807900011265481,1445982042.6366878,539184.7599601189,267420.54688297474,anomaly
2025-06-01T19:44:26.623080,92,4.576716483095359,1501566028.521417,715355.1550179457,403771.66861091857,anomaly
2025-06-01T19:44:36.696301,92,4.688197139707208,1702295125.2096002,745945.7123674913,421901.99552086747,anomaly
2025-06-01T19:44:46.775077,92,4.212114370124601,1328884622.1576471,748261.984840048,425243.3526802011,anomaly
2025-06-01T19:44:56.858722,92,4.942643430894141,1638543147.522198,744304.0781646898,431863.60284035164,anomaly
2025-06-01T19:45:06.943116,92,5.207309793994305,1861515105.5282032,707835.8906101501,401612.386912748,anomaly
2025-06-01T19:45:17.015201,92,4.715764374327873,1583332631.8686132,610765.178156327,346919.35130061314,anomaly
2025-06-01T19:45:27.745286,92,6.553672619739864,2032530850.1985447,765025.6595994753,460764.18794011633,normal
2025-06-01T19:45:37.841356,92,6.381975377545631,2120657849.2865303,739676.9285430163,437062.410252436,normal
2025-06-01T19:45:47.899935,92,4.780051685340702,2042248400.3781483,607582.7278220293,330386.82151114574,normal
2025-06-01T19:45:57.969204,92,4.61502819058173,2168925354.914917,712403.9850067913,428143.55168934935,normal
2025-06-01T19:46:08.045658,92,4.648703504175781,2054890191.1228101,749883.2452803919,431184.28656585515,normal
2025-06-01T19:46:18.147465,92,3.535462410922383,1603289979.6599784,523706.3957432581,307538.49614381,normal
2025-06-01T19:46:28.225984,92,4.717525537537558,2063169455.8590808,665927.3388264636,387879.6348274268,normal
2025-06-01T19:46:38.279947,92,4.5766549921612585,1856236683.6630516,657929.2885602084,396650.9963336201,normal
2025-06-01T19:46:48.355259,92,4.225922046356007,1778432935.1050582,671316.0055314772,426595.8220069373,normal
2025-06-01T19:46:58.437055,92,4.394874085246328,1676386777.8391595,742011.4154010545,428397.9165282619,normal
2025-06-01T19:47:08.513062,92,4.086149694742246,1392022902.2014406,720186.910016868,429242.4825128376,normal
2025-06-01T19:47:18.577785,92,4.185111552284102,1541818725.8356383,703435.6940484111,411912.8308121198,normal
2025-06-01T19:47:28.650508,92,4.38666989874188,1859398200.8116727,754610.2425310543,427182.92989935604,normal
2025-06-01T19:47:38.719751,92,4.210276937996614,2170796272.6466775,753803.2790435189,431073.17330281227,normal
2025-06-01T19:47:48.781108,92,4.451224374987701,2425453428.1339135,733189.9160064522,413260.3024198545,normal
2025-06-01T19:47:58.866293,92,4.385309598334498,2666079346.509924,742070.7492419515,430075.53398008266,normal
2025-06-01T19:48:08.938305,92,3.8036636345195687,2038431337.7756388,691784.3136669684,386691.09308466146,normal
2025-06-01T19:48:19.011341,92,4.266838527282052,1969527940.0945458,765110.2849474666,451244.6598534145,normal
2025-06-01T19:48:29.094687,92,4.4607796942106335,1990888380.0492144,751492.1096644221,436786.25066055293,normal
2025-06-01T19:48:39.153478,92,3.3010594713508494,1429091584.5996394,507923.1862627598,263231.15342566883,normal
2025-06-01T19:48:49.229585,92,4.34960574550876,1445959932.4387786,709559.951509294,412240.9799346023,normal
2025-06-01T19:48:59.283732,92,4.263700153825793,1247726190.4464173,735867.3874635322,410941.1882177328,normal
2025-06-01T19:49:09.347511,92,3.402223456280883,941988832.8867888,580937.3873661009,303100.1379901661,normal
2025-06-01T19:49:19.400926,92,4.00173685857713,1453027899.8256676,657949.3848246766,377830.77379156597,normal
2025-06-01T19:49:29.476805,92,4.117756661800903,1770035390.0582752,727159.9975680967,409566.8001541876,normal
2025-06-01T19:49:39.542346,92,3.546473353027774,1547616997.0309875,601648.7899576648,371979.3924234416,normal
2025-06-01T19:49:49.616050,92,4.377292488649558,1757357441.2079637,704824.623991369,423250.86476007116,normal
2025-06-01T19:49:59.689186,92,4.586083062287038,1792794241.2219975,685365.5620160933,422836.82327372336,normal
2025-06-01T19:50:09.753572,92,4.628472203701467,1429314140.7922628,620868.1445165303,329847.4658767938,normal
2025-06-01T19:50:19.830225,92,6.215415808106581,1560948927.9625964,726549.0691880478,435186.7184399803,normal
2025-06-01T19:50:29.903096,92,6.4159753968965845,1771775875.3602293,717379.4913126061,424366.1335951141,anomaly
2025-06-01T19:50:39.974581,92,6.684623842346494,1894961686.9738429,1132660.4585279152,718504.4514402804,anomaly
2025-06-01T19:50:52.203908,92,12.19160823303593,2308671781.193944,3833995.57597557,1849277.4891003638,anomaly
2025-06-01T19:51:06.239715,92,17.52961368260063,2159447812.443547,6071588.293170578,5767890.316747806,anomaly
2025-06-01T19:51:19.864997,92,43.654792325811755,2799130264.946615,15291402.834856363,7766087.551156507,anomaly
2025-06-01T19:51:36.674938,92,33.77356518496262,2994073336.4204993,15582167.830708463,7819928.384476451,anomaly
2025-06-01T19:51:53.632165,92,45.43148735792543,2875500468.3712964,16076674.619951287,8355226.931671543,anomaly
2025-06-01T19:52:07.964674,92,34.17621971939434,2791728226.0005746,14627054.84645893,7449953.976779916,anomaly
2025-06-01T19:52:21.419126,92,44.707950143797426,3304759928.825856,15268783.515699303,8022668.235346526,anomaly
2025-06-01T19:52:35.139896,92,39.92062255454143,2892187058.292636,13664011.16543884,9182913.003700769,anomaly
2025-06-01T19:52:49.675607,92,46.95395442491004,2190545886.435757,11486787.9268773,8408949.622004729,anomaly
2025-06-01T19:53:15.349587,92,45.762011467054954,1636249898.7299905,15489529.714711288,8013305.869808486,anomaly
2025-06-01T19:53:34.879502,92,37.29299872829738,2474879288.6071415,11943066.736808142,5411020.629026067,anomaly
2025-06-01T19:54:05.926965,92,45.388106378660815,2815754029.6769037,13154790.540864814,7096437.7652151175,anomaly
2025-06-01T19:54:32.517028,92,46.01157728753487,2691570082.430413,10480101.169907255,5598095.792004861,anomaly
2025-06-01T19:54:53.420113,92,38.496365380498176,2625658062.812094,9593133.767228516,6007981.75810884,anomaly
2025-06-01T19:55:15.159900,92,39.959602100090095,2984206511.585879,9563856.386013562,4952283.074502697,anomaly
2025-06-01T19:55:26.703868,92,24.2519228967748,2324996136.4162307,3148854.3130647466,1686650.8323327356,anomaly
2025-06-01T19:55:36.947792,92,21.87609425357703,2121606783.9447463,1970183.4959301488,521048.2565319087,anomaly
2025-06-01T19:55:47.026812,92,16.33780936016735,2076196536.5064623,1308428.7658758792,548365.0755715562,anomaly
2025-06-01T19:55:57.107849,92,8.48091865369839,1426255272.8110106,657992.0945063295,391024.7084401989,anomaly
2025-06-01T19:56:07.184667,92,8.885962149540804,1747234599.6302161,1158528.163246469,671541.1813280389,anomaly
2025-06-01T19:56:17.254022,92,6.843536633368921,1704294650.3860102,1014164.9527754842,612964.8424509872,anomaly
2025-06-01T19:56:27.314075,92,4.316633462685351,1224593932.4059641,712578.0968618747,478181.25947657705,anomaly
2025-06-01T19:56:37.388790,92,4.351535706452395,1576127205.478128,686074.8522125392,375287.9709064604,anomaly
2025-06-01T19:56:47.452058,92,4.539292523172585,1339033563.4566529,704488.1885980975,421777.8109002582,anomaly
2025-06-01T19:56:57.520042,92,4.8288228681578955,1155953654.4205167,696127.9664523713,408383.91618371155,anomaly
2025-06-01T19:57:07.638640,92,5.1088364400758906,1316509492.0314238,749076.8292908837,422736.74112096295,anomaly
2025-06-01T19:57:17.736830,92,4.313958252999296,1465053803.4264078,649961.6975432871,352495.50747610995,anomaly
2025-06-01T19:57:27.791586,92,5.092856178523454,2103801359.5393622,763081.767443923,450553.5815648683,anomaly
2025-06-01T19:57:39.234793,92,4.862066809960519,2068996738.5779452,771515.6985720786,449586.24693298107,normal
2025-06-01T19:57:49.317281,92,3.633442463169386,1643020029.590373,538932.3049892253,274136.27169888536,normal
2025-06-01T19:57:59.381729,92,4.2486495537045625,1725998864.491301,642466.3337001144,362092.71937491745,normal
2025-06-01T19:58:09.459002,92,4.383074591032002,1897169226.7112026,745321.9899979538,435730.5027298705,normal
2025-06-01T19:58:19.517602,92,3.4541141923161716,1579896890.0415342,623580.4070511038,331117.2324888701,normal
2025-06-01T19:58:29.581986,92,3.7793345054531526,1733971931.6751857,735476.2586004192,437016.5750384643,normal
2025-06-01T19:58:39.634662,92,3.3386557545912083,1225964271.8004992,648284.580962208,368795.6220582137,normal
2025-06-01T19:58:49.703475,92,2.5307656268901266,936228970.2529945,558645.7967664741,298326.13020210393,normal
2025-06-01T19:58:59.805185,92,3.53195703608509,868872959.073419,673132.9194776015,401350.9137836631,normal
2025-06-01T19:59:09.871826,92,3.705869214786469,1065330453.6856663,714067.3821891131,415051.35598146747,normal
2025-06-01T19:59:20.012063,92,3.749992142523423,1285737629.0661829,665006.2581076545,429932.62303445855,normal
2025-06-01T19:59:30.095727,92,4.154331333140104,1483638580.7012737,747167.1422505884,452997.98834567954,normal
2025-06-01T19:59:40.208741,92,4.703494478315511,1540754634.53805,794920.1254884516,471177.02523882745,normal
2025-06-01T19:59:50.272861,92,4.796054244746806,1276732937.4535027,781312.6627769328,435172.56331622263,normal
2025-06-01T20:00:00.333042,92,4.776946859802867,1125432694.3399932,727393.3606206236,399947.0607006299,normal
2025-06-01T20:00:10.417978,92,4.382523733167248,959114868.1622208,668850.6697807878,394160.56687287905,normal
2025-06-01T20:00:20.489951,92,4.845244748768287,1497138282.8121412,779962.2186706109,450296.38368465635,normal
2025-06-01T20:00:30.550294,92,5.253792664188343,1811249184.1581068,765988.1687411452,439894.1424140722,normal
2025-06-01T20:00:40.611942,92,4.233014510413127,1546842792.595894,551484.5309133765,272822.862712306,normal
2025-06-01T20:00:50.675577,92,5.461940153733495,1670594678.5734065,762374.0629309395,451060.5710427819,normal
2025-06-01T20:01:00.741948,92,5.32646834237258,1429004304.6297312,746309.8466599945,428409.23531488,normal
2025-06-01T20:01:10.806174,92,4.584099539994163,1257769080.001247,595348.3871228861,307451.38888459245,normal
2025-06-01T20:01:20.888596,92,5.3450798314625665,1665324774.5251565,715879.849355448,409711.87487318343,normal
2025-06-01T20:01:30.955370,92,5.253636025169397,1762586958.1506433,733719.05812781,422783.38991464005,normal
2025-06-01T20:01:41.010596,92,4.5679966623881745,1532769604.649301,669550.1636411474,401322.44002673164,normal
2025-06-01T20:01:51.078515,92,5.466393749990263,1691410597.2716143,723766.4809434455,431197.13774512697,normal
2025-06-01T20:02:01.148448,92,5.263228266465691,1615556160.7350662,741273.6543402327,419841.4434011122,normal
2025-06-01T20:02:11.199492,92,3.7716704260592087,1382529595.6485891,624025.2305538061,338344.6180050918,normal
2025-06-01T20:02:21.272292,92,3.738681875596633,1876249636.80238,716050.0238717226,428945.6508462197,normal
2025-06-01T20:02:31.334179,92,3.6363893003682426,1844055181.571186,755889.6890284253,434112.250312738,normal
2025-06-01T20:02:41.399177,92,2.8682812980500656,1207982931.584176,507053.32454538177,297970.36545315554,anomaly
2025-06-01T20:02:51.553347,92,3.8392512208142318,1216867330.192846,724300.4586595972,443759.0214005038,anomaly
2025-06-01T20:03:02.313342,93,4.470158513739428,1024215742.3069443,721538.0957326886,441735.6600325761,anomaly
2025-06-01T20:03:12.385245,93,5.666673332485571,1199282210.8880599,646207.2909580707,406804.2868072412,anomaly
2025-06-01T20:03:22.443675,93,6.698337670235345,1339523138.995229,733173.5241502799,414381.85825439764,anomaly
2025-06-01T20:03:32.502850,94,6.067185720593301,991669660.3802977,664354.8982677967,387132.08850516554,anomaly
2025-06-01T20:03:42.566367,94,5.599838162729418,893835855.5780861,733407.2779005597,450838.4338304873,anomaly
2025-06-01T20:03:52.627184,94,5.465113873409242,1137492214.115407,772773.1700121312,455299.42216835864,anomaly
2025-06-01T20:04:02.687529,95,4.622905495961092,1404978572.2392168,605788.4471440762,311835.1304120669,anomaly
2025-06-01T20:04:12.751469,95,5.626232134841661,1884734680.113724,739427.2591243989,427084.4344716426,anomaly
2025-06-01T20:04:22.813639,95,5.5422711939656315,1830914811.95761,743175.3779704154,435711.8919820665,anomaly
2025-06-01T20:04:32.866904,96,5.130783989498092,1663336758.7739043,748678.2232804503,438561.67585496383,anomaly
2025-06-01T20:04:42.920200,96,4.913502508624073,1249489390.1236186,702000.4980395873,413245.0004209795,anomaly
2025-06-01T20:04:53.009978,96,4.6051630706456566,1499775963.6257918,727536.3157857143,406567.69912473374,anomaly
2025-06-01T20:05:03.065843,96,3.4882682157540605,1702687821.4188101,606236.612891129,370698.9823797173,anomaly
2025-06-01T20:05:13.114520,96,3.856106286120566,2259527275.305176,754133.8933661003,435302.6240997134,anomaly
2025-06-01T20:05:23.182885,96,3.7980570364350905,2212937833.520458,756301.8773853496,434235.8351504151,anomaly
2025-06-01T20:05:33.244275,96,2.8252159131057835,1553669031.4379249,460938.0341718927,257740.13307121146,anomaly
2025-06-01T20:05:43.303607,96,4.085036183969346,1299095027.9998775,721392.384482415,438839.3496715364,anomaly
2025-06-01T20:05:53.359949,97,4.262183303094633,1063324465.6969234,769332.727095202,442118.4356513403,anomaly
2025-06-01T20:06:03.431909,97,3.15442201573823,952694084.4709082,510859.3301189136,311845.04819886514,anomaly
2025-06-01T20:06:13.483350,97,3.663772714752142,1422794057.183758,671189.8754072174,386159.63429560367,anomaly
2025-06-01T20:06:23.556171,97,3.6075741652053064,1387396784.3771296,696046.899062169,408241.69534539396,anomaly
2025-06-01T20:06:33.613371,97,3.6057506931895493,2007682574.0253959,758947.2597690081,449599.6630476089,anomaly
2025-06-01T20:06:43.673570,97,3.6321214687651273,2234380100.459937,713286.7967006448,425637.3058614038,anomaly
2025-06-01T20:06:53.738146,97,3.7345375761686364,2227536566.0075207,741922.3053021054,436263.9251480288,anomaly
2025-06-01T20:07:03.793777,97,3.7232079855628997,1969425523.0033693,704521.5850791916,413988.36626109405,anomaly
2025-06-01T20:07:13.887567,97,3.8970580533254773,1861311863.7873678,748827.8662659832,426918.41698084463,anomaly
2025-06-01T20:07:23.970478,97,3.9853621145037543,1594381990.878157,748050.9192428609,428252.75249403005,anomaly
2025-06-01T20:07:34.026170,97,3.46942301148893,1395058508.6796458,603933.8311170387,379175.27877496905,anomaly
2025-06-01T20:07:45.010326,97,4.261074553365495,1699501632.632994,722555.4435854957,410648.54144112393,normal
2025-06-01T20:07:55.094169,92,4.052687368025359,1544713486.547848,635552.6114866715,374174.21372959786,normal
2025-06-01T20:08:05.175009,92,5.251229510527025,2481475546.8891854,745429.1223413775,442304.9763942889,normal
2025-06-01T20:08:15.249289,92,5.511551344950549,2328220017.5234475,774317.8657153323,449666.6130208053,normal
2025-06-01T20:08:25.308475,92,4.402724213543971,1747581252.0610127,519468.93985181575,270231.0849605547,normal
2025-06-01T20:08:35.370376,92,4.980437348706388,1243809483.1110363,723106.4569581586,436069.4404917655,normal
2025-06-01T20:08:45.449299,92,4.995894390529838,1309350325.2602332,760725.0613039419,440417.4830229138,normal
2025-06-01T20:08:55.525849,92,3.5521193599507135,1248789787.0326593,502112.5849675968,288622.73751635797,normal
2025-06-01T20:09:05.598841,92,3.9053557085010713,1843126928.939377,682720.2645831901,388733.62159349245,normal
2025-06-01T20:09:15.657407,92,4.0306890437855305,1632234053.6056693,719006.2526134525,431549.9415773208,normal
2025-06-01T20:09:25.718684,92,3.2950226275859418,1357623248.0507326,507445.0136003808,303654.0389664077,normal
2025-06-01T20:09:35.781732,92,3.9717184174085873,811725069.079309,715155.1098294866,422882.54173561226,normal
2025-06-01T20:09:45.849407,92,3.9179253868698543,912132098.6236303,658428.8215867877,381834.84189000336,normal
2025-06-01T20:09:55.902538,92,3.888283960052878,1435762637.8538413,698820.5839600748,428606.3204900802,normal
2025-06-01T20:10:05.972944,92,3.870318614707984,1613068439.915014,735201.3010293203,433908.4057391895,normal
2025-06-01T20:10:16.029326,92,3.473080913232237,1629970375.2198815,710383.3945561443,410882.817606236,normal
2025-06-01T20:10:26.082157,92,3.2030796666318126,1033580070.4330548,572406.3427323344,363454.39034927177,normal
2025-06-01T20:10:36.140397,92,3.4303408875352694,1009313380.6375037,643628.073609027,376413.8066041812,normal
2025-06-01T20:10:46.231040,92,3.5870483028219713,1340161491.020713,627048.6672937496,368900.447878198,normal
2025-06-01T20:10:56.304231,92,3.976851446592954,1525708206.7842014,522751.1437998971,333678.24547143513,normal
2025-06-01T20:11:06.390902,92,5.281230138122702,2024586838.5892467,649620.8279457561,379403.5790632353,normal
2025-06-01T20:11:16.467866,92,4.974386421749417,1519262502.2160041,583097.720895497,353201.76126660564,normal
2025-06-01T20:11:26.537612,92,5.6690440769554336,1497420089.3393943,650796.5208280297,401835.1925893867,normal
2025-06-01T20:11:36.627355,92,5.473360264413719,1736574352.7530024,660526.707084939,394094.7666079028,normal
2025-06-01T20:11:46.690644,92,3.6705689056450126,1531890733.7530792,442943.7492572212,235707.039842221,normal
2025-06-01T20:11:56.751559,92,4.434543817592219,1920056890.480262,583290.9642779774,347933.1193469119,normal
2025-06-01T20:12:06.826013,92,4.876118296135158,1871250441.0157225,621129.3020281511,359156.797644376,normal
2025-06-01T20:12:17.071112,92,3.963578191284458,1428604661.1023853,424082.6578109069,249938.5684176708,normal
2025-06-01T20:12:27.136197,92,5.198596055960736,1155603694.9325016,611602.3469069334,368441.9341771292,normal
2025-06-01T20:12:37.234811,92,4.983180228787398,1244594677.6567805,604932.8865623038,358329.86460616876,normal
2025-06-01T20:12:47.331008,92,4.2210729796100575,1224143737.9368603,593465.3936043382,343327.55274853413,anomaly
2025-06-01T20:12:57.413758,92,4.445969828683015,1599316006.9380379,621438.1697416758,378895.4663245904,anomaly
2025-06-01T20:13:07.471523,92,4.27588300341109,1975418506.756204,617523.6214352286,376228.59285923553,anomaly
2025-06-01T20:13:17.535262,92,3.6416194667888866,1638702593.04951,484408.46873572277,279515.87909224175,anomaly
2025-06-01T20:13:27.601426,92,4.7653975732295315,2198163313.2025924,626759.5323899395,395449.75275793445,anomaly
2025-06-01T20:13:37.669495,92,5.399974759286738,2426894731.686672,667650.0474808911,411347.3930515951,anomaly
2025-06-01T20:13:47.731951,92,5.015865547504399,1659447903.7947643,555671.9025750189,364840.38023412396,anomaly
2025-06-01T20:13:57.798601,92,5.063159898511023,1525926044.9021013,603425.4630615031,367588.03865305334,anomaly
2025-06-01T20:14:07.864581,92,4.618950109053884,1440030058.3290765,595848.9683551071,373358.979260408,anomaly
2025-06-01T20:14:17.929347,92,3.950897793032557,1634514980.080767,592960.6188923459,395270.9898435158,anomaly
2025-06-01T20:14:28.002488,92,4.104676835237079,2207139735.3387656,652164.1693691368,396889.9115696095,anomaly
2025-06-01T20:14:38.060072,92,3.260709400458031,2155533236.275166,447550.6148606047,251657.90876500172,anomaly
2025-06-01T20:14:48.120397,92,3.796568332632473,2517211365.6460376,648759.9289182738,395190.8628046087,anomaly
2025-06-01T20:14:58.178309,92,3.6563232707488043,2231751989.3460827,645271.8724962664,391700.33269856987,anomaly
2025-06-01T20:15:08.237141,92,3.6201116091257353,1773008979.9422495,637090.2429489265,396113.95545405446,anomaly
2025-06-01T20:15:18.293663,92,3.6144877053657374,1341510844.04393,600465.363566572,360609.9355179313,anomaly
2025-06-01T20:15:28.369098,92,3.49632801450942,1310214635.2378743,607918.42578448,362323.7422442804,anomaly
2025-06-01T20:15:38.445133,92,3.228206167484612,1290117422.0585263,596693.3487486956,357952.10734775296,anomaly
2025-06-01T20:15:48.514559,92,3.6469011898077177,1605169446.261421,634581.6344912426,398371.6766890215,anomaly
2025-06-01T20:15:58.596359,92,3.8572061668834916,1613468765.0506766,631393.9502584215,389706.8691786729,anomaly
2025-06-01T20:16:08.652108,92,3.065994546484311,1305484721.1818051,450922.2539290691,260999.15556087956,anomaly
2025-06-01T20:16:18.728959,92,4.540356625547285,2001475678.0850425,658662.9737775146,411903.4384903529,anomaly
2025-06-01T20:16:28.794675,92,4.535908625749223,2100227469.7602174,661730.7461858753,406401.9432208223,anomaly
2025-06-01T20:16:38.874975,92,3.3153325784345657,1863151105.709268,472814.2795713238,304045.9905186853,anomaly
2025-06-01T20:16:48.954310,92,3.67146867799765,2284102798.2665296,577327.8577149068,361930.5494635258,anomaly
2025-06-01T20:16:59.019702,92,3.8327169008332125,2253331015.882738,671439.5789983906,405547.71545633784,anomaly
2025-06-01T20:17:09.147984,92,4.027708526820241,2081759268.6216726,537011.2614158969,361029.61353156617,anomaly
2025-06-01T20:17:19.226616,92,4.763821749655163,1910981134.5426607,622314.2952465873,395784.30307890096,anomaly
2025-06-01T20:17:29.331356,92,5.037865517912136,1692521574.736778,546634.7411620335,333273.61819792516,anomaly
2025-06-01T20:17:39.477483,92,5.881165157822533,1680140968.1689363,579084.6445109574,389037.73164401227,anomaly
2025-06-01T20:18:22.067147,92,4.671110297501154,1216750721.8520975,648459.5244430542,392405.6354188722,normal
2025-06-01T20:18:32.132782,92,4.19487391692793,958462717.6151748,603312.8511079102,372527.82352156565,normal
2025-06-01T20:18:42.200657,92,4.8909155138378155,1561153822.6757436,655153.5340324013,410247.9879940074,normal
2025-06-01T20:18:52.293380,92,4.5196578540959,1345794678.2166936,616196.0754058188,363440.3787601357,normal
2025-06-01T20:19:02.371342,92,3.498125139289714,1524279993.384065,551305.4959036661,307432.1141062815,normal
2025-06-01T20:19:12.432570,92,4.297951631443943,1793821910.896021,619077.8303690759,377964.40535276517,normal
2025-06-01T20:19:22.500580,92,4.3607291237930506,2124489684.5063326,610957.7311611747,367946.9426449036,normal
2025-06-01T20:19:32.558110,92,3.190148978631912,2017866142.9101884,484459.68482957396,266826.4838251775,normal
2025-06-01T20:19:42.626306,92,3.3531488144860755,2030312189.3633585,555706.4700388812,326470.5242517661,normal
2025-06-01T20:19:52.703970,92,3.61524152530314,2238529229.361341,642955.5804897844,377861.7406174312,normal
2025-06-01T20:20:02.769214,92,3.555167644694341,2162234000.644457,538669.922589894,341465.98479786754,normal
2025-06-01T20:20:12.831352,92,3.886882083170909,2454349074.9613276,611497.765568432,370340.5927972284,normal
2025-06-01T20:20:22.885802,92,3.5698306427914606,2174932380.0009356,560440.9041799535,334627.9256085925,normal
2025-06-01T20:20:32.937352,92,3.304679177181359,1665748285.934923,572054.4919162178,368201.68355777574,normal
2025-06-01T20:20:42.990667,92,3.4429054180739156,1834123362.6806967,638683.2643171353,369981.5650581894,normal
2025-06-01T20:20:53.060657,92,3.143687309494918,1488193270.1518505,591378.8676620327,356753.2328070665,normal
2025-06-01T20:21:03.121153,92,3.547937461716898,2543450482.055239,630243.0726280557,366285.8533848854,normal
2025-06-01T20:21:13.214302,92,3.7303038180472052,3112574267.3797317,628982.4128575639,365361.59021990164,normal
2025-06-01T20:21:23.345351,92,3.787876605211715,2677245084.0888166,615774.4670440325,364542.78551149875,normal
2025-06-01T20:21:33.418129,92,5.163204023066426,1904210850.2118182,586827.5861281658,337932.05477500265,normal
2025-06-01T20:21:43.511411,92,5.44067572897705,1512914614.3649814,605956.1997578196,353878.60610077844,normal
2025-06-01T20:21:53.573125,92,5.056219913641036,773232323.3049669,589470.4191721631,339938.9407536119,normal
2025-06-01T20:22:03.643797,92,5.330346379070365,1112065131.0126913,652733.3796198071,395215.3284626921,normal
2025-06-01T20:22:13.713963,92,5.175478711889285,1077106639.9054017,654529.9928217442,394473.9288131625,normal
2025-06-01T20:22:23.784904,92,3.6821557981592896,819164075.6817293,479313.7010666428,248495.96394146813,normal
2025-06-01T20:22:33.853817,92,4.720618732297126,1167951011.4074667,625272.5065799791,385125.7662655078,normal
2025-06-01T20:22:43.942917,92,4.984590153445942,1227261779.5664256,652251.7379677922,385668.50355051144,normal
2025-06-01T20:22:54.186460,92,4.072832570777041,1456780642.1876435,515847.8355410192,293131.07400381425,normal
2025-06-01T20:23:04.259913,92,5.260246724280664,1878144961.4878733,565311.9411031533,337346.61120146845,normal
2025-06-01T20:23:14.324272,92,5.9756209871634764,2122683907.9310226,668211.3272919182,394834.2811229159,normal
